﻿{"cameraMode":{"drawMode":0,"name":"Shaded","section":"Shading Mode"},"sceneLighting":false,"audioPlay":false,"sceneViewState":{"showFog":true,"showMaterialUpdate":false,"showSkybox":false,"showFlares":true,"showImageEffects":true,"showParticleSystems":true},"in2DMode":false,"pivot":{"x":-8.508979797363282,"y":0.9230756759643555,"z":-3.7113962173461916},"rotation":{"x":0.3823916018009186,"y":0.4916728138923645,"z":-0.2540991008281708,"w":0.7399160861968994},"size":7.339561939239502,"orthographic":false}