﻿{"cameraMode":{"drawMode":0,"name":"Shaded","section":"Shading Mode"},"sceneLighting":false,"audioPlay":false,"sceneViewState":{"showFog":true,"showMaterialUpdate":false,"showSkybox":false,"showFlares":true,"showImageEffects":true,"showParticleSystems":true},"in2DMode":false,"pivot":{"x":-0.043924808502197269,"y":1.6775602102279664,"z":2.4165635108947756},"rotation":{"x":0.09854505211114884,"y":0.18692922592163087,"z":-0.018850304186344148,"w":0.9772403240203857},"size":2.14560866355896,"orthographic":false}