﻿{"cameraMode":{"drawMode":0,"name":"Shaded","section":"Shading Mode"},"sceneLighting":false,"audioPlay":false,"sceneViewState":{"showFog":true,"showMaterialUpdate":false,"showSkybox":false,"showFlares":true,"showImageEffects":true,"showParticleSystems":true},"in2DMode":false,"pivot":{"x":2.7289583683013918,"y":0.5993515253067017,"z":9.121238708496094},"rotation":{"x":0.03252615034580231,"y":0.42792415618896487,"z":-0.015412136912345887,"w":0.903102457523346},"size":3.820829153060913,"orthographic":false}