﻿{"cameraMode":{"drawMode":0,"name":"Shaded","section":"Shading Mode"},"sceneLighting":false,"audioPlay":false,"sceneViewState":{"showFog":true,"showMaterialUpdate":false,"showSkybox":false,"showFlares":true,"showImageEffects":true,"showParticleSystems":true},"in2DMode":false,"pivot":{"x":0.2864980697631836,"y":0.6257519721984863,"z":2.7436864376068117},"rotation":{"x":0.09567626565694809,"y":-0.6347901821136475,"z":0.07964161783456803,"w":0.7625981569290161},"size":1.2288124561309815,"orthographic":false}