﻿{"cameraMode":{"drawMode":0,"name":"Shaded","section":"Shading Mode"},"sceneLighting":false,"audioPlay":false,"sceneViewState":{"showFog":true,"showMaterialUpdate":false,"showSkybox":false,"showFlares":true,"showImageEffects":true,"showParticleSystems":true},"in2DMode":false,"pivot":{"x":-1.870182752609253,"y":2.1733741760253908,"z":-0.4777660369873047},"rotation":{"x":0.23187178373336793,"y":-0.001459384337067604,"z":0.000347130058798939,"w":0.9727499485015869},"size":1.4289418458938599,"orthographic":false}